date,home_team,away_team,home_goals,away_goals
2025-08-15T18:45:00Z,Stade Rennais FC 1901,Olympique de Marseille,1,0
2025-08-16T15:00:00Z,Racing Club de Lens,Olympique Lyonnais,0,1
2025-08-16T17:00:00Z,AS Monaco FC,Le Havre AC,3,1
2025-08-16T19:05:00Z,OGC Nice,Toulouse FC,0,1
2025-08-17T13:00:00Z,Stade Brestois 29,Lille OSC,3,3
2025-08-17T15:15:00Z,AJ Auxerre,FC Lorient,1,0
2025-08-17T15:15:00Z,FC Metz,RC Strasbourg Alsace,0,1
2025-08-17T15:15:00Z,Angers SCO,Paris FC,1,0
2025-08-17T18:45:00Z,FC Nantes,Paris Saint-Germain FC,0,1
2025-08-22T18:45:00Z,Paris Saint-Germain FC,Angers SCO,1,0
2025-08-23T15:00:00Z,Olympique de Marseille,Paris FC,5,2
2025-08-23T17:00:00Z,OGC Nice,AJ Auxerre,3,1
2025-08-23T19:05:00Z,Olympique Lyonnais,FC Metz,3,0
2025-08-24T13:00:00Z,FC Lorient,Stade Rennais FC 1901,4,0
2025-08-24T15:15:00Z,Le Havre AC,Racing Club de Lens,1,2
2025-08-24T15:15:00Z,Toulouse FC,Stade Brestois 29,2,0
2025-08-24T15:15:00Z,RC Strasbourg Alsace,FC Nantes,1,0
2025-08-24T18:45:00Z,Lille OSC,AS Monaco FC,1,0
2025-08-29T18:45:00Z,Racing Club de Lens,Stade Brestois 29,3,1
2025-08-30T15:00:00Z,FC Lorient,Lille OSC,1,7
2025-08-30T17:00:00Z,FC Nantes,AJ Auxerre,1,0
2025-08-30T19:05:00Z,Toulouse FC,Paris Saint-Germain FC,3,6
2025-08-31T13:00:00Z,Angers SCO,Stade Rennais FC 1901,1,1
2025-08-31T15:15:00Z,Le Havre AC,OGC Nice,3,1
2025-08-31T15:15:00Z,AS Monaco FC,RC Strasbourg Alsace,3,2
2025-08-31T15:15:00Z,Paris FC,FC Metz,3,2
2025-08-31T18:45:00Z,Olympique Lyonnais,Olympique de Marseille,1,0
2025-09-12T18:45:00Z,Olympique de Marseille,FC Lorient,4,0
2025-09-13T15:00:00Z,OGC Nice,FC Nantes,1,0
2025-09-13T19:05:00Z,AJ Auxerre,AS Monaco FC,1,2
2025-09-14T13:00:00Z,Lille OSC,Toulouse FC,2,1
2025-09-14T15:15:00Z,FC Metz,Angers SCO,1,1
2025-09-14T15:15:00Z,Paris Saint-Germain FC,Racing Club de Lens,2,0
2025-09-14T15:15:00Z,RC Strasbourg Alsace,Le Havre AC,1,0
2025-09-14T15:15:00Z,Stade Brestois 29,Paris FC,1,2
2025-09-14T18:45:00Z,Stade Rennais FC 1901,Olympique Lyonnais,3,1
2025-09-19T18:45:00Z,Olympique Lyonnais,Angers SCO,1,0
2025-09-20T15:00:00Z,FC Nantes,Stade Rennais FC 1901,2,2
2025-09-20T17:00:00Z,Stade Brestois 29,OGC Nice,4,1
2025-09-20T19:05:00Z,Racing Club de Lens,Lille OSC,3,0
2025-09-21T13:00:00Z,Paris FC,RC Strasbourg Alsace,2,3
2025-09-21T15:15:00Z,Le Havre AC,FC Lorient,1,1
2025-09-21T15:15:00Z,AJ Auxerre,Toulouse FC,1,0
2025-09-21T15:15:00Z,AS Monaco FC,FC Metz,5,2
2025-09-22T18:00:00Z,Olympique de Marseille,Paris Saint-Germain FC,1,0
2025-09-26T18:45:00Z,RC Strasbourg Alsace,Olympique de Marseille,1,2
2025-09-27T15:00:00Z,FC Lorient,AS Monaco FC,3,1
2025-09-27T17:00:00Z,Toulouse FC,FC Nantes,2,2
2025-09-27T19:05:00Z,Paris Saint-Germain FC,AJ Auxerre,2,0
2025-09-28T13:00:00Z,OGC Nice,Paris FC,1,1
2025-09-28T15:15:00Z,FC Metz,Le Havre AC,0,0
2025-09-28T15:15:00Z,Lille OSC,Olympique Lyonnais,0,1
2025-09-28T15:15:00Z,Angers SCO,Stade Brestois 29,0,2
2025-09-28T18:45:00Z,Stade Rennais FC 1901,Racing Club de Lens,0,0
2025-10-03T18:45:00Z,Paris FC,FC Lorient,2,0
2025-10-04T15:00:00Z,FC Metz,Olympique de Marseille,0,3
2025-10-04T17:00:00Z,Stade Brestois 29,FC Nantes,0,0
2025-10-04T19:05:00Z,AJ Auxerre,Racing Club de Lens,1,2
2025-10-05T13:00:00Z,Olympique Lyonnais,Toulouse FC,1,2
2025-10-05T15:15:00Z,RC Strasbourg Alsace,Angers SCO,5,0
2025-10-05T15:15:00Z,Le Havre AC,Stade Rennais FC 1901,2,2
2025-10-05T15:15:00Z,AS Monaco FC,OGC Nice,2,2
2025-10-05T18:45:00Z,Lille OSC,Paris Saint-Germain FC,1,1
2025-10-17T18:45:00Z,Paris Saint-Germain FC,RC Strasbourg Alsace,3,3
2025-10-18T15:00:00Z,OGC Nice,Olympique Lyonnais,3,2
2025-10-18T17:00:00Z,Angers SCO,AS Monaco FC,1,1
2025-10-18T19:05:00Z,Olympique de Marseille,Le Havre AC,6,2
2025-10-19T13:00:00Z,Racing Club de Lens,Paris FC,2,1
2025-10-19T15:15:00Z,FC Lorient,Stade Brestois 29,3,3
2025-10-19T15:15:00Z,Toulouse FC,FC Metz,4,0
2025-10-19T15:15:00Z,Stade Rennais FC 1901,AJ Auxerre,2,2
2025-10-19T18:45:00Z,FC Nantes,Lille OSC,0,2
2025-10-24T18:45:00Z,Paris FC,FC Nantes,1,2
2025-10-25T15:00:00Z,Stade Brestois 29,Paris Saint-Germain FC,0,3
2025-10-25T17:00:00Z,AS Monaco FC,Toulouse FC,1,0
2025-10-25T19:05:00Z,Racing Club de Lens,Olympique de Marseille,2,1
2025-10-26T14:00:00Z,Lille OSC,FC Metz,6,1
2025-10-26T16:15:00Z,AJ Auxerre,Le Havre AC,0,1
2025-10-26T16:15:00Z,Angers SCO,FC Lorient,2,0
2025-10-26T16:15:00Z,Stade Rennais FC 1901,OGC Nice,1,2
2025-10-26T19:45:00Z,Olympique Lyonnais,RC Strasbourg Alsace,2,1
2025-10-29T18:00:00Z,Le Havre AC,Stade Brestois 29,1,0
2025-10-29T18:00:00Z,FC Lorient,Paris Saint-Germain FC,1,1
2025-10-29T18:00:00Z,FC Metz,Racing Club de Lens,2,0
2025-10-29T18:00:00Z,OGC Nice,Lille OSC,2,0
2025-10-29T20:05:00Z,FC Nantes,AS Monaco FC,3,5
2025-10-29T20:05:00Z,Paris FC,Olympique Lyonnais,3,3
2025-10-29T20:05:00Z,Toulouse FC,Stade Rennais FC 1901,2,2
2025-10-29T20:05:00Z,Olympique de Marseille,Angers SCO,2,2
2025-10-29T20:05:00Z,RC Strasbourg Alsace,AJ Auxerre,3,0
2025-11-01T16:00:00Z,Paris Saint-Germain FC,OGC Nice,1,0
2025-11-01T18:00:00Z,AS Monaco FC,Paris FC,0,1
2025-11-01T20:05:00Z,AJ Auxerre,Olympique de Marseille,0,1
2025-11-02T14:00:00Z,Stade Rennais FC 1901,RC Strasbourg Alsace,4,1
2025-11-02T16:15:00Z,FC Nantes,FC Metz,0,2
2025-11-02T16:15:00Z,Toulouse FC,Le Havre AC,0,0
2025-11-02T16:15:00Z,Lille OSC,Angers SCO,1,0
2025-11-02T16:15:00Z,Racing Club de Lens,FC Lorient,3,0
2025-11-02T19:45:00Z,Stade Brestois 29,Olympique Lyonnais,0,0
2025-11-07T19:45:00Z,Paris FC,Stade Rennais FC 1901,0,1
2025-11-08T16:00:00Z,Olympique de Marseille,Stade Brestois 29,3,0
2025-11-08T18:00:00Z,Le Havre AC,FC Nantes,1,1
2025-11-08T20:05:00Z,AS Monaco FC,Racing Club de Lens,1,4
2025-11-09T14:00:00Z,FC Lorient,Toulouse FC,1,1
2025-11-09T16:15:00Z,FC Metz,OGC Nice,2,1
2025-11-09T16:15:00Z,RC Strasbourg Alsace,Lille OSC,2,0
2025-11-09T16:15:00Z,Angers SCO,AJ Auxerre,2,0
2025-11-09T19:45:00Z,Olympique Lyonnais,Paris Saint-Germain FC,2,3
2025-11-21T19:45:00Z,OGC Nice,Olympique de Marseille,1,5
2025-11-22T16:00:00Z,Racing Club de Lens,RC Strasbourg Alsace,1,0
2025-11-22T18:00:00Z,Stade Rennais FC 1901,AS Monaco FC,4,1
2025-11-22T20:05:00Z,Paris Saint-Germain FC,Le Havre AC,3,0
2025-11-23T14:00:00Z,AJ Auxerre,Olympique Lyonnais,0,0
2025-11-23T16:15:00Z,FC Nantes,FC Lorient,1,1
2025-11-23T16:15:00Z,Toulouse FC,Angers SCO,0,1
2025-11-23T16:15:00Z,Stade Brestois 29,FC Metz,3,2
2025-11-23T19:45:00Z,Lille OSC,Paris FC,4,2
2025-11-28T19:45:00Z,FC Metz,Stade Rennais FC 1901,0,1
2025-11-29T16:00:00Z,AS Monaco FC,Paris Saint-Germain FC,1,0
2025-11-29T18:00:00Z,Paris FC,AJ Auxerre,1,1
2025-11-29T20:05:00Z,Olympique de Marseille,Toulouse FC,2,2
2025-11-30T14:00:00Z,RC Strasbourg Alsace,Stade Brestois 29,1,2
2025-11-30T16:15:00Z,Le Havre AC,Lille OSC,0,1
2025-11-30T16:15:00Z,FC Lorient,OGC Nice,3,1
2025-11-30T16:15:00Z,Angers SCO,Racing Club de Lens,1,2
2025-11-30T19:45:00Z,Olympique Lyonnais,FC Nantes,3,0
2025-12-05T18:00:00Z,Stade Brestois 29,AS Monaco FC,1,0
2025-12-05T20:00:00Z,Lille OSC,Olympique de Marseille,1,0
2025-12-06T16:00:00Z,FC Nantes,Racing Club de Lens,1,2
2025-12-06T18:00:00Z,Toulouse FC,RC Strasbourg Alsace,1,0
2025-12-06T20:05:00Z,Paris Saint-Germain FC,Stade Rennais FC 1901,5,0
2025-12-07T14:00:00Z,OGC Nice,Angers SCO,0,1
2025-12-07T16:15:00Z,Le Havre AC,Paris FC,0,0
2025-12-07T16:15:00Z,AJ Auxerre,FC Metz,3,1
2025-12-07T19:45:00Z,FC Lorient,Olympique Lyonnais,1,0
2025-12-12T19:45:00Z,Angers SCO,FC Nantes,4,1
2025-12-13T16:00:00Z,Stade Rennais FC 1901,Stade Brestois 29,3,1
2025-12-13T18:00:00Z,FC Metz,Paris Saint-Germain FC,2,3
2025-12-13T20:05:00Z,Paris FC,Toulouse FC,0,3
2025-12-14T14:00:00Z,Olympique Lyonnais,Le Havre AC,1,0
2025-12-14T16:15:00Z,AJ Auxerre,Lille OSC,3,4
2025-12-14T16:15:00Z,RC Strasbourg Alsace,FC Lorient,0,0
2025-12-14T16:15:00Z,Racing Club de Lens,OGC Nice,2,0
2025-12-14T19:45:00Z,Olympique de Marseille,AS Monaco FC,1,0
